Agonalität,Alterität,Idealismus,Moral,Nation,Praxis,Pädagogik,Theologie,Welt,Wissenschaft,Ästhetik
schlagen,fremd,Wahrheit,moralisch,patriotisch,beleben,didaktisch,biblisch,Wirklichkeit,Wissenschaft,Phantasie
Krieg,,Vorstellung,Pflicht,germanisch,Betrachtung,pädagogisch,christlich,Erfahrung,wissenschaftlich,modern
Streit,,Wille,sittlich,Deutschland,ergreifen,Erziehung,Religion,Welt,,Erscheinung
kämpfen,,Inner,Gesinnung,Völker,Reflexion,Bildung,Religiöse,Mensch,,Geschmack
Kampf,,unendlich,Tugend,französisch,bilden,,Götter,Erde,,künstlerisch
Gewalt,,Gedanke,Sitte,national,denken,,göttlich,menschlich,,Kunst
Gefahr,,Idee,sittlich,deutsch,lehren,,Himmel,Charakter,,Dichtkunst
,,Kraft,,Nation,Einsicht,,Gott,Tier,,sinnlich
,,Einheit,,Kaiser,Erkenntnis,,fromm,leben,,anschaulich
,,natürlich,,Frankreich,lebendig,,heilig,Menschheit,,ästhetisch
,,Anschauung,,Vaterland,verstehen,,Hoffnung,Wasser,,Klassiker
,,wahrhaft,,Heimat,Eindruck,,Seele,Qülle,,Kunstwerk
,,Geist,,,lernen,,glauben,Natur,,stilistisch
,,geistig,,,begreifen,,Kirche,Blume,,Übersetzung
,,vollkommen,,,Auffassung,,Christentum,,,singen
,,ideal,,,aufgeben,,,,,hören
,,inner,,,Verständnis,,,,,erhaben
,,Wesen,,,erkennen,,,,,schön
,,Freiheit,,,kennen,,,,,schöne
,,,,,,,,,,Qülle
,,,,,,,,,,Hand
,,,,,,,,,,Bild
,,,,,,,,,,Wirkung
,,,,,,,,,,Blick
,,,,,,,,,,Auge
,,,,,,,,,,erscheinen
