Alterität,Idealismus,Moral,Nation,Praxis,Pädagogik,Theologie,Welt,Wissenschaft,Ästhetik
fremd,Wahrheit,moralisch,patriotisch,beleben,didaktisch,biblisch,Wirklichkeit,Wissenschaft ,Phantasie
,Vorstellung,Pflicht,germanisch,Betrachtung,pädagogisch,christlich,Erfahrung,wissenschaftlich,modern
,Wille,,Deutschland,ergreifen,Erziehung,Religion,Menschheit,,Erscheinung
,Inner,,Völker,Reflexion,Bildung,Religiöse,,,Geschmack
,unendlich,,französisch,bilden,,,,,künstlerisch
,Gedanke,,national,denken,,,,,Kunstwerk
,Idee,,deutsch,lehren,,,,,Dichtkunst
,Kraft,,Nation,Einsicht,,,,,sinnlich
,Einheit,,,Erkenntnis,,,,,anschaulich
,natürlich,,,lebendig,,,,,ästhetisch
,Anschauung,,,verstehen,,,,,Klassiker
,wahrhaft,,,Eindruck,,,,,Kunstwerk
,geistig,,,lernen,,,,,stilistisch
,geistig,,,begreifen,,,,,Übersetzung
,vollkommen,,,Auffassung,,,,,
,,,,aufgeben,,,,,
,,,,Verständnis,,,,,
,,,,kennen,,,,,
