,Word 0,Word 1,Word 2,Word 3,Word 4,Word 5,Word 6,Word 7,Word 8,Word 9,Word 10,Word 11,Word 12,Word 13,Word 14,Word 15,Word 16,Word 17,Word 18,Word 19,Word 20,Word 21,Word 22,Word 23,Word 24,Word 25,Word 26,Word 27,Word 28,Word 29,Word 30,Word 31,Word 32,Word 33,Word 34,Word 35,Word 36,Word 37,Word 38,Word 39,Word 40,Word 41,Word 42,Word 43,Word 44,Word 45,Word 46,Word 47,Word 48,Word 49,Word 50,Word 51,Word 52,Word 53,Word 54,Word 55,Word 56,Word 57,Word 58,Word 59,Word 60,Word 61,Word 62,Word 63,Word 64,Word 65,Word 66,Word 67,Word 68,Word 69,Word 70,Word 71,Word 72,Word 73,Word 74,Word 75,Word 76,Word 77,Word 78,Word 79,Word 80,Word 81,Word 82,Word 83,Word 84,Word 85,Word 86,Word 87,Word 88,Word 89,Word 90,Word 91,Word 92,Word 93,Word 94,Word 95,Word 96,Word 97,Word 98,Word 99
0 Allgemeiner Diskurs der Literaturvermittlung (Verordnungen Verfächerung),unterricht,schüler,nicht,sprache,deutsch,gymnasium,bildung,lehrer,schule,grammatisch,muttersprache,sprechen,wissenschaftlich,grammatik,methode,geistig,literatur,schulen,lateinisch,übung,classe,fremd,geschichte,griechisch,gegenstand,philosophisch,stunde,alt,schrift,realschule,studium,wissenschaft,stufe,zeit,geist,verschieden,mündlich,anstalt,lernen,praktisch,lehren,zweck,entwickelung,leben,klassisch,aufgabe,schriftlich,lektüre,stoff,sprachunterricht,namentlich,behandlung,stehen,fertigkeit,bürgerschule,zusammenhang,gebrauch,notwendig,logisch,überhaupt,gründlich,ausbildung,wesentlich,übrig,mathematik,philosophie,system,vortrag,angemessen,unterrichten,beschäftigung,vortragen,historisch,wissen,gewinnen,grundlage,früh,universität,erreichen,volksschule,bestimmung,forderung,systematisch,bilden,regeln,beschränken,ganz,kreis,mittel,rücksicht,beziehung,verfahren,ordnung,betreiben,vorbereitung,sache,vorzüglich,verbindung,sprachen,jahr
1 Allgemeiner Diskurs der Literaturvermittlung,sprache,natur,gelehrt,teutsch,seele,studium,wort,lernen,begreifen,sprechen,muttersprache,sprachstudium,richtig,geist,wissenschaft,jahr,geschichte,gegenstand,schulen,mensch,kö,übung,art,gen,ausdruck,schö,lateinisch,vorzüglich,kunst,dieß,regeln,regel,fü,nützlich,kenntnis,ver,griechisch,geschmack,ausdrücken,erfahrung,verstand,sprachlehre,verstehen,folgen,einfluß,verschieden,fremd,schriftsteller,menschlich,ne,erlernung,geschäft,grieche,fehler,gewalt,umgang,gesellschaft,rücksicht,gedanke,nation,moralisch,gebrauch,eignen,empfindung,mö,fleiß,kopf,gelehrsamkeit,körper,kömmen,grad,wahr,gehö,bedeutung,wörter,practisch,übrig,gelehrtenschul,sinnlich,angenehm,schreiben,gehörig,unentbehrlich,ieder,richtigkeit,erkenntniß,leute,kenntniß,redekunst,schreibart,papier,vater,qüllen,sowol,gattung,sprachen,lä,gedächtniß,vernunft,theils
2 Literaturvermittlung (Oberstufe),schüler,deutsch,unterricht,lektüre,aufsatz,nicht,lehrer,thema,verständnis,klasse,behandlung,aufgabe,aufgeben,stoff,art,stufe,ganz,wesentlich,besprechung,inhalt,fragen,arbeit,stellen,richtig,gesichtspunkt,historisch,zweit,gedicht,weisen,bedeutung,bieten,bilden,zweck,geschichte,form,verhältnis,interesse,tertia,auffassung,disposition,prima,darstellung,kenntnis,gewinnen,urteil,erörterung,letzt,zeigen,überhaupt,behandeln,zusammenhang,eingehend,zeit,entwickelung,schwierigkeit,charakter,schule,erklärung,teils,gegenüber,verschieden,geeignet,natürlich,gegenstand,übung,übrig,führen,literatur,treten,praktisch,stilistisch,stunde,gewiß,formal,einleitung,ästhetisch,anschauung,klassisch,erreichen,wert,verfahren,namentlich,gieben,erscheinen,gedanke,gymnasium,handlung,notwendig,ausführung,häufig,begreifen,betrachtung,logisch,selbständig,praxis,charakteristikum,stil,methode,satz,anschaulich
3 Kanon Poetologie,schiller,dichter,lessing,göthe,dichtung,deutsch,poesie,klopstock,göthes,literatur,drama,gedicht,zeit,shakespeare,herder,kunst,charakter,poetisch,dramatisch,tragödie,homer,jahrhundert,klassisch,laokoon,dichterisch,dorothea,schule,götz,entwickelung,lyrisch,groß,egmont,französisch,charakteristikum,dramaturgie,dichten,nibelungenlied,periode,nathan,hermann,abhandlung,jahr,kritisch,könig,kritik,wieland,tasso,lyrik,iphigenien,sprache,ästhetisch,literaturgeschichte,messias,schillersch,horaz,romantisch,luther,litterarisch,göthesch,behandlung,walther,klassiker,bedeutend,nennen,bedeutung,antik,vergleichen,sittlich,tragisch,dichtkunst,held,schlegel,uhland,rückert,stellen,vergleichung,homerisch,bemerkung,brauen,zweit,fabel,wilhelm,bild,philosophisch,episch,übersetzung,stück,geschichte,friedrich,sachs,stehen,leben,opitz,gieben,vergil,inwiefern,roman,poetik,erläuterung,verdienst
4 Goethes und Lessings Dramen,hermann,iphigenien,tasso,tellheim,handlung,minna,dorothea,vater,mädchen,mutter,antonio,sohn,haus,dichter,charakter,prinzessin,göthe,gesang,drama,orestes,pylades,apotheker,auftreten,freund,pfarrer,franziska,major,werner,person,dichtung,orest,gespräch,aufzug,eltern,stück,lieben,früh,fräulein,glück,weiblich,richter,erfahren,neigung,lessing,ring,scene,stadt,leonore,fremd,bild,glücklich,priesterin,erscheinen,göttin,schwester,deutsch,herzog,schön,folgen,verhältnis,jungfrau,unglück,iphigenie,wagen,letzt,unglücklich,wunsch,tochter,zurück,familie,vertrieben,während,treten,leidenschaftlich,rettung,erzählung,ruhig,zimmer,dorotheens,erzählen,emilia,reichen,prediger,wirth,entschluß,äußern,zweit,geliebt,fühlen,glocke,schicksal,ernst,weib,humboldt,würdig,rasch,episch,ergreifen,betrachtung,göthes
5 Lyrik (Ästhetik),dichter,gedicht,schön,strophe,ganz,bild,natur,göthe,auge,nicht,leben,stellen,gesang,himmel,welt,freude,singen,form,schließen,alt,ruhen,lieben,letzt,schluß,treten,stehen,sonne,dunkel,stimmen,stimmung,kunst,licht,blick,schiller,ausdruck,brust,zeile,lang,gedanke,herrlich,seele,empfindung,ach,frisch,erde,meer,leise,kräftig,schilderung,gefühl,schönheit,bilden,gestalt,endlich,schmerz,süß,tag,grün,denken,führen,mädchen,ruhig,sinn,anfang,zweit,sitzen,spät,haupt,schildern,glanz,beginnen,erscheinen,schauen,stark,folgen,lust,blicken,stern,fühlen,sanft,klingen,wirkung,strahlen,freundlich,äußern,blume,dichten,zeit,fluß,sehnsucht,namentlich,wenden,lange,kehren,früh,abend,zeigen,bewegung,zurück,fülle
6 Handlung,nicht,ganz,wort,groß,nichts,alt,wissen,stehen,stellen,zeit,sagen,sprechen,mögen,fragen,weisen,gewiß,denken,art,dichter,verstehen,suchen,glauben,sache,schön,leben,sinn,grund,wahr,zeigen,überhaupt,gedanke,jung,möchten,hand,kennen,nennen,gehören,jugend,lange,schreiben,auge,fallen,nämlich,herr,reden,schwer,richtig,erklären,lieben,lernen,wahrheit,führen,lehren,ähnlich,hören,natürlich,lang,geschehen,treiben,geist,bilden,würde,tag,wert,letzt,stück,leser,zürst,gewöhnlich,jahr,wäre,zweck,kraft,verlangen,erscheinen,vielmehr,ausdruck,fehlen,endlich,keiner,beispiel,freund,fassen,welt,erkennen,stark,dafür,gründen,wünschen,helfen,beweisen,schlecht,deutlich,mittel,meinung,absicht,versuchen,falsch,meister,selten
7 Interdiskurs (Pädagogik Religion Staat Ästhetik),mensch,leben,bildung,jugend,schön,wahrheit,natur,sittlich,erziehung,religion,kunst,geist,wahr,kraft,ästhetisch,freiheit,christentum,welt,christlich,menschheit,zögling,geschichte,staat,idee,geistig,wert,schule,tugend,pädagogisch,gesetz,gefühl,zeit,nation,lehrer,gesinnung,kultur,moralisch,wirken,menschen,volk,lessing,grundsatz,wissenschaft,pädagogik,modern,ideal,charakter,gieben,jüngling,erzieher,vernunft,menschlich,streben,gebildet,sitte,entwickelung,familie,öffentlich,erkenntniß,christ,bilden,entwickeln,wissen,lebens,erziehen,lernen,wesen,wahrhaft,gesellschaft,jugendlich,eltern,interesse,groß,heilig,geschmack,äußern,moral,erfahrung,sittlichkeit,schulen,humanität,schönheit,ausbildung,größe,klassisch,einheit,einfluß,willen,lehren,frucht,talent,bürgerlich,gemüth,bild,standpunkt,positiv,mittel,fühlen,beruf,entwicklung
8 Lyrik (Deklamation),wort,satz,strophe,sprechen,nicht,zweit,silbe,bezeichnen,stimmen,stehen,betonung,sänger,hebung,hand,betonen,aussprechen,metrik,rhythmus,lang,zeile,buchstabe,richtig,bewegung,senkung,letzt,pause,regel,stark,dritt,folgen,nebensatz,enthalten,reimen,bilden,unterschied,hauptsatz,grammatisch,fallen,fuß,nennen,beispiel,schluß,inhalt,verschieden,zeichen,art,ausdruck,bemerkung,ganz,tonwort,schließen,ausdrücken,vocal,rhythmisch,komma,vortrag,accent,endung,declamator,periode,auge,bemerken,vollständig,treten,nachsatz,tonlos,lesevortrag,bedeutung,prädicat,grund,lehrer,antik,sache,geschehen,hervorheben,übrig,viert,tempo,häufig,metrisch,nämlich,zweisilbig,form,substantiv,musikalisch,einsilbig,stumpf,punkt,prädikat,zeitwort,zusammengesetzt,leseunterricht,subjekt,während,gehören,gegensatz,erhalten,wörter,leitf,satzton
9 Jugendliteratur,jahr,jugendliteratur,jugend,alt,voß,jugendschrift,schulen,campen,bibliothek,schrift,jugendlektüre,lektüre,gymnasium,jung,zeit,kinderreim,berlin,preufsisch,gedik,jahrhundert,kinderfreund,rector,friedrich,salzmann,geschichte,basedow,leipzig,universität,eltern,pädagogisch,unterhaltung,halle,giesebrechen,schulmann,kinderbuch,robinson,schriften,öffentlich,schulbibliothek,roman,kinder,kinderschrift,gelehrt,la,welt,niemeyer,meierotto,grimuald,programm,knabe,thomasiu,königlich,vergl,göttingen,reimen,richter,versuchen,schulwesen,reden,schreiben,bearbeitung,badisch,erwachsene,miller,meyer,jugendschriften,zögling,johann,lateinisch,simrock,pertari,tagen,gelehrten,gelesen,erhalten,kloster,april,jahrh,blatt,halberstadt,verstorben,albuin,brunn,rousseau,bücher,vorlesung,minister,häuslich,christian,les,qüllen,rochow,gellern,gelten,gymnasio,schule,sesuald,october,schenken,biblisch
10 Mittelalterliche Literatur (Handlung) ,könig,sohn,herr,ritter,kaiser,vater,gott,sagen,bruder,treten,spät,ludwig,reich,schließen,jung,königs,graf,erzählung,deutsch,heinrich,person,zeit,haus,fürst,sprechen,zweit,geschichte,weisen,heilig,burg,erzählen,hand,früh,sitzen,groß,knecht,fallen,lang,kirche,stehen,schlagen,schön,feinden,verschieden,tag,landen,gefangen,dritt,führen,leben,stadt,zurück,gast,stolz,jahr,hart,volk,diener,bauer,streit,suchen,überschrift,krieg,flucht,sterben,stark,gewinnen,gieben,greifen,bitten,mutter,leute,ehren,reichen,blut,friedrich,rache,erfahren,brechen,spielen,zorn,mitte,sachsen,feind,dienen,dienst,befehlen,lieb,reisen,lange,haupt,christ,befehl,stoff,empfangen,gebot,erkennen,scheiden,schwert,heimlich
11 Handlung (Robinson),groß,gott,robinson,zeit,leben,herr,mensch,endlich,reichen,en,tag,arbeit,jahr,lange,fahren,winter,reichtum,baum,familie,freude,heimath,während,haus,erde,leiden,armuth,alt,schiff,angenehm,vater,menge,reich,freitag,gegend,wasser,suchen,vergnügen,freund,täglich,früh,weisen,verlassen,leute,insel,krankheit,mutter,befinden,wohnung,dankbar,pflug,benutzen,eltern,sorgen,besitzen,sonne,dienen,bereiten,gesundheit,feuer,ei,lernen,gefahr,lang,freundlich,selten,sturm,erkennen,jung,pflegen,segen,schwert,hafen,felsen,schal,zöllner,schützen,geduld,speisen,freuen,greis,wachsen,hand,mi,ziege,bergen,boden,zufrieden,fleisch,reisen,spät,wohnen,nächst,reichlich,erreichen,boot,ne,menschen,laufen,genießen,gelegenheit
12 Literatur (Patriotisch),deutsch,deutschland,jahr,kaiser,friedrich,groß,rhein,vaterland,zeit,volk,alt,schlacht,krieg,preußisch,gleim,gedicht,preußen,französisch,reich,frankreich,franzose,freiheit,rückert,napoleon,chamisso,tag,hebel,berlin,arndt,stadt,fürst,schlegel,blücher,geibel,barbarossa,feind,paris,heine,soldat,held,kriegen,kleist,romantisch,feinden,singen,weisen,frisch,reisen,truppe,kampf,edenhall,eduard,schenkendorf,waffe,wilhelm,erhalten,denkmal,schlafen,siegen,krieger,patriotisch,mächtig,bäumlein,lager,verschieden,general,norden,warwick,feldzug,römer,politisch,hurra,religiös,sonett,grenadier,sterben,schwäbisch,lange,feiertag,körner,tieck,romantiker,leipzig,schwab,arion,reiter,märchen,tapfer,adler,blatt,italien,professor,siebenjährig,freiheitskrieg,geschlecht,prinz,schule,nation,kriegslied,leier
13 Literaturvermittlung (Idealistische Poetologie),nicht,darstellung,form,ganz,inhalt,anschauung,beziehung,phantasie,vorstellung,sprache,begreifen,natur,charakter,wort,unmittelbar,ausdruck,sinn,bedeutung,geistig,kunst,verschieden,bewußtsein,gedanke,zweck,wesentlich,menschlich,gegenstand,geist,gefühl,wesen,weisen,natürlich,während,poetisch,überhaupt,erscheinung,denken,formen,bilden,notwendig,auffassung,vielmehr,idee,thätigkei,mensch,bild,art,bezeichnen,seele,moment,äußern,aufgabe,empfindung,poesie,leben,sinnlich,treten,stoff,gegensatz,lebendig,ideal,früh,historisch,groß,verhältnis,arbeit,element,einheit,wirklichkeit,bewegung,gestalt,zweit,verstehen,bestimmen,richtung,betrachtung,zeit,zusammenhang,stufe,darstellen,ästhetisch,objektiv,läßt,entwickeln,vollkommen,fremd,interesse,sprechen,grad,gestalten,genuß,gesetz,gieben,wirkung,erkennen,bildung,nämlich,hervor,verhältniß,gewinnen
14 Rauschen,karl,nathan,sprache,philipp,en,saladin,schreiben,dieß,fir,ß,recha,ei,mundart,tempelherr,kehrreim,sänger,hochdeutsch,prosa,während,hören,mensch,konnen,laßen,singen,grammatisch,ach,schweigen,sagen,regel,philip,wißenschaftlich,sittah,weisen,sprechen,mi,ur,patriarch,lesebuch,muttersprache,niederdeutsch,buchstabe,fremd,wisen,beßer,knabe,wißenschaft,nennen,eltern,sprachlehrer,gegenstand,anzeigen,än,ser,sinden,derwisch,umgang,schwedisch,philpp,engel,seele,ind,uhland,sin,vorhin,gottsched,klosterbruder,schonen,müßen,ün,sultan,anfangsbuchstabe,vokal,wißen,nathans,drucken,ön,lehrer,bewußt,erlernen,horen,sat,oberdeutsch,fischer,beßern,auswendig,anzahl,ahnlich,ring,sü,beziehung,schulmann,äs,ertheilen,dä,aussprechen,öe,singt,ieder,ausdrücken,uichen
15 Lesebuch Kanon,deutsch,lesebuch,lehrer,aufsatz,rhetorisch,sache,lateinisch,gebildet,lektüre,classe,aristoteles,stunde,natürlich,litterarisch,rhetorik,leben,prima,stück,lehranstalten,stoff,griechisch,lessing,gegenstand,antik,abhandlung,vorzüglich,ver,schule,rhetor,formal,homer,cicero,gottsched,geschichte,fragen,ro,kanon,enthalten,capitel,allmählich,einheit,logisch,grammatik,historisch,stilistisch,semester,wilmann,raum,gedanke,poetik,shakespeare,notwendigkeit,thematisch,arbeit,anschlus,entwickeln,geradezu,literatur,vortragen,obersecunda,wertvoll,philosophisch,eigenthümlich,nützlich,lässt,lehren,thema,untersecunda,homerisch,sagen,ästhetisch,disciplin,auswahl,bedeutend,erwarten,logik,vorschlag,unterprima,studie,richtig,sophokle,oberprima,schön,bericht,schiller,luther,wünschen,unterricht,artikel,secunda,glaube,berücksichtigen,quarta,vernünftig,deber,gieben,gelesen,betrachtung,kenntnis,ausbildung
16 Schiller (Wallenstein Wilhelm Tell ),handlung,schiller,drama,wallenstei,scene,dichter,kaiser,dramatisch,max,geßler,wallenstein,jungfrau,stück,wilhelm,herzog,volk,johanna,dramas,zuschauer,kampf,thekla,schweizer,vaterland,freiheit,rudenz,buttler,scenen,lager,stauffach,orleans,oktavio,landvogt,terzky,tells,fischer,held,dritt,person,schweiz,gewalt,retten,befreiung,bertha,plan,monolog,aufzug,soldat,handeln,schließen,vater,charakter,jäger,fürst,weib,erscheinen,unterredung,piccolomini,burgund,pflicht,österreich,gespräch,gräfin,auftreten,melchthal,höhenpunkt,lionel,schützen,haupt,stauffacher,kassandra,parricida,stimmung,actes,katastrophe,sittlich,lösen,vögt,baumgart,heldin,gethan,rütli,exposition,gattin,rettung,qüstenberg,tragödie,kaiserlich,bau,altorf,viert,gatte,empfindung,dunoi,baumgarten,landleute,frankreich,zweit,schuld,steigerung,achill
17 Diskurs der Literaturvermittlung (Methode),schüler,lehrer,deutsch,übung,klasse,aufsatz,schule,schriftlich,knabe,lernen,zeit,reden,form,schreiben,aufgeben,prüfung,schulen,lateinisch,stil,unterricht,satz,art,methode,mündlich,grammatik,vortragen,thema,arbeit,gegenstand,fehler,darstellung,redner,richtig,kenntnis,theils,lehren,gedanke,günther,stunde,kenntniß,jüngling,jugend,gymnasium,jahr,inhalt,öffentlich,unterrichten,erfahrung,übersetzung,anleitung,früh,gründlich,regeln,rhetorik,gelesen,abiturient,anwendung,zweckmäßig,empfindung,beredtsamkei,empfehlen,vorhanden,orthographie,disposition,jung,gelegenheit,muttersprache,gering,aussprechen,korrektur,urtheilen,bemerkung,verlangen,fertigkeit,kö,director,beschreibung,gedicht,abhandlung,passend,streng,regel,fremd,schädlich,metrisch,vielmehr,verschieden,gelernt,vorschlag,schwierigkeit,verbessern,urtheil,vorzüglich,auffassen,thiersch,abschnitt,übersetzen,eltern,fleiß,angeben
18 Prosa (Unterstufe),poesie,fabel,poetisch,gedicht,erzählung,märchen,episch,ballade,knabe,uhland,erzählen,dichtung,stoff,phantasie,dichter,begebenheit,dichten,schilderung,thier,beschreibung,fuchs,gellern,namentlich,form,poetik,person,didaktisch,erzählt,gemüth,lyrisch,sänger,romanze,dichterisch,prosaisch,beispiel,gedichte,weisheit,art,geschichte,epigramm,welt,spiel,prosa,handlung,erzählungen,zweck,parabel,nämlich,angemessen,inhalt,wunderbar,idee,allegorie,mährchen,gattung,fabeln,dichtkunst,darstellung,tieck,passend,bild,moral,löwe,erzählend,übrigens,dichtungsart,arion,handelnd,leser,boner,wolf,bruder,lyrik,sammlung,erwähnen,natur,mädchen,lehren,dramatisch,freund,berühmt,erdichtet,räthsel,situation,balladen,frosch,moralisch,geeignet,pfeffel,allegorisch,geistlich,weltlich,erhaben,chamisso,eigenthümlich,erzähler,hierher,gleim,hagedorn,belehrung
19 Handlung (Figuren),nicht,wort,mutter,groß,leben,zeit,held,ganz,hand,lieben,vater,weisen,freund,kampf,sänger,schwert,dichtung,tag,haus,gedicht,uhland,jüngling,volk,letzt,poetisch,alt,dichter,schwer,stehen,stolz,tochter,poesie,früh,ernst,sprechen,während,inhalt,sohn,lang,stoff,gewaltig,trotz,stadt,zeichen,sittlich,führen,hören,gegensatz,kühn,ballade,schlagen,wesen,vorzugsweise,fahren,jahr,hervor,graf,verlassen,brechen,geliebt,reichen,glauben,rasch,knabe,meer,plötzlich,schrecken,reihe,schmerz,zurück,auge,außer,ergreifen,namentlich,blut,gewalt,augenblick,geschick,fremd,furchtbar,schauen,erhalten,gemüt,fehlen,lieb,freudig,tier,glück,sterben,kämpfen,tot,läßt,keiner,minder,zweit,stunde,heiter,stürzen,schiff,nennen
20 Schiller (Maria Stuart) ,maria,schiller,dichter,handlung,elisabeth,dramatisch,don,historisch,tragödie,cäsar,drama,bruder,dramas,messina,königin,schicksal,brauen,volk,leidenschaft,mutter,antik,persönlich,stück,schuld,sohn,charakter,jsabella,beatrice,geschichte,person,manül,trauerspiel,modern,situation,tragisch,poetisch,england,während,stuart,schwester,haß,freiheit,fürst,geschichtlich,mortimer,früh,alt,jungfrau,betreffen,tochter,fürstin,religion,leicest,andrerseits,künstlerisch,thatsach,christlich,herrschaft,theils,strafe,erscheinen,politisch,gegenüber,boden,geliebt,frevel,eignen,fabel,versöhnung,entscheiden,läßt,trotz,burleigh,grieche,unterredung,wahrheit,betrachten,individüll,bühne,verhalten,rechtfertigen,hinrichtung,romantisch,leidenschaftlich,motivirt,geheimniß,äußerlich,entscheidung,motiv,handeln,plötzlich,eifersucht,schluß,schauspiel,religiös,ver,theilnahmen,wirksamkeit,vornherein,umstand
21 Lesebuch (Form),nicht,lesebuch,verfasser,stück,deutsch,sammlung,gedicht,zweit,auswahl,auflage,herausgeber,literatur,enthalten,geschichte,lehrer,schüler,inhalt,jugend,ganz,darstellung,abschneiden,vorliegend,erscheinen,stoff,abschnitt,bieten,namentlich,lesebücher,stellen,buchen,prosa,proben,zweck,ausgabe,bemerkung,form,verschieden,jahr,lesestücken,fehlen,aufnehmen,erzählung,empfehlen,anmerkung,früh,bedeutend,vorreden,literaturgeschichte,dritt,geeignet,schule,weisen,pädagogisch,möchten,bild,titel,lesebüchern,schulen,behandeln,prosaisch,hebel,anordnung,schrift,ausführlich,folgen,grundsatz,abtheilung,gebieten,aufnahme,wünschen,klasse,poetisch,wackernagel,herr,beziehung,letzt,leser,grimm,uhland,kenntnis,ansicht,einleitung,sagen,während,mittelhochdeutsch,wert,rücksicht,vorwort,schulbuch,verdienen,lehrbuch,anhang,schön,bearbeitung,vertreten,genannt,benutzen,aufgenommen,richtig,geschichtlich
22 Religion Schiller (Johanna) Nation,gott,mensch,lieben,leben,nicht,kraft,seele,geist,natur,welt,glück,vater,menschlich,erscheinen,göttlich,himmel,wesen,gefühl,heilig,schiller,treten,stehen,gewinnen,irdisch,schicksal,erkennen,vermögen,licht,erde,glauben,hand,hoffnung,zeigen,volk,könig,gieben,kampf,würdig,erfüllen,leiden,gedanke,unglück,nichts,streben,menschen,wirken,gewalt,freiheit,mächtig,grund,freundschaft,jungfrau,reich,freude,fromm,vertrauen,blick,glücklich,erscheinung,gottheit,eignen,gesetz,willen,herzen,erhaben,retten,furcht,lebendig,stimmen,jüngling,griechisch,führen,fühlen,verlieren,gefahr,ganz,treiben,tugend,bieten,menschheit,brust,liebe,sinn,bürger,vaterland,erheben,weib,erhalten,fremd,augenblick,bewußtsein,frieden,mittel,gen,gegenüber,bild,walten,pflicht,opfer,während
23 Literaturvermittlung (Patriotisch) ,deutsch,sprache,volk,zeit,literatur,alt,national,geschichte,groß,jahrhundert,schule,leben,geist,sagen,deutschland,nation,volkslied,dichtung,lebendig,historisch,fremd,lateinisch,poesie,volksschule,altdeutsch,gelehrt,spät,heutig,lernen,griechisch,schreiben,schrift,grimm,klassisch,mundart,bedeutung,form,vaterland,gebildet,richtung,vaterländisch,bildung,übersetzung,schulen,früh,luther,französisch,wissenschaft,pflegen,gegenwart,stehen,römisch,jugend,politisch,wesen,modern,schriftsprache,echt,treten,aufgabe,namentlich,boden,verschieden,bieten,gebieten,volkes,während,mittelhochdeutsch,erhalten,formen,sinn,antik,vergangenheit,entwicklung,christlich,studium,reich,jahr,geschlecht,element,kenntnis,geistig,gering,singen,literaturgeschichte,germanisch,kraft,geschichtlich,heilig,römer,schätzen,vorig,heimisch,gemeinsam,grammatik,neuhochdeutsch,volksthümlich,hochdeutsch,latein,vorhanden
24 Lyrik (Unterstufe),wort,alt,satz,abteilung,bezeichnen,deutsch,form,mensch,bedeutung,sprache,wolf,stehen,ursprünglich,bedeuten,gewöhnlich,sacherklärung,roland,karl,hand,groß,jäger,pferd,schiff,sinn,nennen,ausdruck,namentlich,erzählung,lat,häufig,fuchs,sagen,stil,genannt,sexta,vergl,üblich,überhaupt,odysseus,verbinden,meer,handbuch,gedichts,messen,gliederung,siegfried,zusammensetzung,wendung,schwert,katze,schiller,uhland,quinta,wasser,erweckung,schlagen,galgen,zweit,gewaltig,fremdwort,vortrag,herkules,fahren,gegensatz,grammatik,ganz,stadt,bezeichnung,wortschatz,löwe,während,beachten,erhalten,fassen,ausdrücken,sonne,stimmung,gebrauchen,gebraucht,gestalt,riese,kopf,tier,baum,aufgestellt,prosa,knabe,geschlecht,substantiv,nämlich,eberhard,einleitung,schwaben,welt,feldmaus,jahrhundert,quarta,gegenwärtig,wagen,verbum
25 Rauschen (Praxis),ganz,theils,theilen,dieß,groß,herr,schriftsteller,lektüre,verfasser,urtheil,schüler,erklärung,einleitung,natürlich,endlich,schluß,schwierigkeit,stoff,bedeutend,übrig,eignen,übrigens,leser,vorliegend,vortheil,höchst,bemerkung,classe,beurtheilung,gegenstand,ausführlich,geschichte,folgen,erläuterung,hinsicht,schrift,angeben,gewinnen,prosa,mangel,aufmerksam,urtheilen,untern,früh,gelesen,jüngling,theorie,eigenthümlich,art,mittheilung,eintheilung,streng,erzählung,stück,betrifft,interessant,alt,gehalt,vergleichung,archiv,kenntniß,reihe,theile,gehörig,frühern,abhandlung,mitgetheilt,literatur,praktisch,vortrag,richtig,verständniß,handbuch,periode,kritik,vollkommen,notwendig,erhalten,vorzug,zweckmäßig,menge,rücksicht,speciell,äußern,häufig,römer,deßhalb,fördern,geist,andeutung,behauptung,verhältniß,gegentheil,heft,enthalten,nation,glücklich,andre,resultat,composition
26 Mittelalterliche Literatur ,lat,luther,sin,wort,bedeutung,walther,sprechen,min,prät,stark,ursprünglich,form,en,minne,grimm,gen,engl,nu,stehen,alt,ei,degen,bilden,schwach,franz,dä,sol,bedeuten,früh,mögen,dö,plural,subst,bieten,fahren,sinn,mittelhochdeutsch,ähnlich,erhalten,griech,wunder,selten,formen,vocal,partc,nibelungenlied,fremd,ne,präs,substantiv,blind,strophe,hän,herr,hät,parte,simrock,sö,sam,wurzelverbum,recken,herberge,präsens,vogelweide,scheiden,wolfdietrich,landen,manege,infinitiv,papst,richen,gerne,jahrh,weiblich,kunde,bescheiden,warten,danne,gebräuchlich,gewöhnlich,alterthümlich,genitiv,michel,ableitung,komen,verbum,einfältig,wurzel,declination,üf,ausdrücken,wörterbuch,än,österreich,männlich,ka,adverb,übel,heldenbuch,laden
27 Handlung (Idylle Natur),satz,frühling,nennen,thier,mensch,vogel,baum,erde,stehen,grün,gras,sommer,blume,hund,wort,gieben,sonne,blatt,herbst,gehören,pflanzen,himmel,winter,wasser,gegenstand,hören,sprechen,blüthen,stück,beschreibung,blau,nachtigall,auge,luft,schüler,frucht,lieblich,lehrer,erscheinung,haus,theilen,bilden,menschen,schnee,dritt,zweigen,farbe,zweit,epheu,pilger,groß,engel,stufe,kraut,eigenschaft,fallen,wetter,erdbeere,lerche,kleiden,schlüsselblume,sagen,bezeichnen,mäuschen,mutter,essen,schriftlich,treiben,genannt,perlen,fuchs,fragen,eigenschaftswort,tropfen,fliegen,bedeutung,stengel,thieren,licht,meer,jahreßeit,vergleichen,fröhlich,herr,erzählen,hamster,zeitwort,wind,spitz,nahrung,schwalbe,erden,storch,gewitter,schön,schreiben,beschreiben,breit,reißen,enthalten
28 Mittelaterliche Literatur (Nibelungen),hagen,held,siegfried,dichtung,kriemhild,alt,gudrun,kampf,dietrich,nibelungenlied,parzival,gunther,hildebrand,walther,volker,zeit,schwert,burg,jungfrau,deutsch,nibelunge,schild,brunhild,etzels,kämpfen,burgund,erhalten,minne,etzel,sachs,jahrhundert,handlung,abenteuer,rüdiger,worms,helden,wolfram,recken,höfisch,geistlich,ritterlich,germanisch,rüdeger,hartmut,welt,königin,fuchs,giselher,artus,nordisch,sitte,ring,erscheinen,wolf,tochter,ver,volk,volkslied,singen,weib,sänger,kraft,weltlich,reiten,herwig,beginnen,reineken,lang,bieten,degen,erschlagen,poesie,reihe,weinen,hettel,teils,winter,licht,jahr,schlacht,heldensagen,gieben,germane,rat,tot,speer,zwerg,rolle,rache,frauen,fehlen,gestalt,rüstung,mittelalter,brauen,scharf,begebenheit,hunne,haupt,treue
29 Rauschen,prinz,faust,erklärung,stellen,boxberger,lesart,ausgabe,bemerkung,anmerkung,kurfürst,kleist,nemlich,möro,scene,homburg,eugen,dionys,vergl,dureh,unterwelt,erklären,eduard,bemerken,zusammenhang,mil,ursprünglich,proserpina,schreiben,eroberer,bezug,urteil,während,druckfehler,schmidt,bemerkt,hauptmann,göthes,richtig,natalie,handschrift,jupiter,em,fürstin,göthe,königin,gretch,beziehen,charlotte,sowol,claudia,wahrscheinlich,mittler,commentar,parzen,anf,wunderlich,anspielung,fassen,zolling,teufel,vermutung,bedeutung,früh,änderung,schließen,originalausgabe,werner,haupt,kritik,komma,züren,hohenzollern,schülerin,gröst,römisch,freund,miehen,stelle,vorhergehend,annahme,schicksal,punct,seltsam,ordern,ottilie,qüllen,rücken,viehoff,erhalten,ottilien,erwähnen,müst,offenbar,ironie,dramas,baden,unmöglich,ausg,kenntnis,unbedingt
